"Category ID";"Active (0/1)";"Name *";"Parent category";Description;"Meta title";"Meta keywords";"Meta description";"URL rewritten";"Image URL"
3;1;Women;2;"<p>Fashion has always been so temporary and uncertain. You can not keep up with it. This social phenomenon is very whimsical, thus we as the consumers always try to stay in touch with all the latest fashion tendencies. Obviously there is nothing wrong about it because fashion satisfies our willingness to be attractive. And also fashion is the detector of prosperity and social rank. So, our natural desire to wear fashionable clothes has many reasons such as historical, social and others. Therefore being fashionable costs a lot of money. But nowadays fashion is not such unavailable as it was a couple of centuries ago. We are lucky to have an opportunity to buy qualitative, fashionable and affordable clothes.</p>";;;;women;http://192.168.9.14/theme_update/51683/old/img/c/3.jpg
32;1;Men;2;"<p>Fashion has always been so temporary and uncertain. You can not keep up with it. This social phenomenon is very whimsical, thus we as the consumers always try to stay in touch with all the latest fashion tendencies. Obviously there is nothing wrong about it because fashion satisfies our willingness to be attractive. And also fashion is the detector of prosperity and social rank. So, our natural desire to wear fashionable clothes has many reasons such as historical, social and others. Therefore being fashionable costs a lot of money. But nowadays fashion is not such unavailable as it was a couple of centuries ago. We are lucky to have an opportunity to buy qualitative, fashionable and affordable clothes.</p>";;;;men;http://192.168.9.14/theme_update/51683/old/img/c/32.jpg
33;1;Juniors;2;"Fashion has always been so temporary and uncertain. You can not keep up with it.  This social phenomenon is very whimsical, thus we as the consumers always try to stay in touch with all the latest fashion tendencies. Obviously there is nothing wrong about it because fashion satisfies our willingness to be attractive. And also fashion is the detector of prosperity and social rank. So, our natural desire to wear fashionable clothes has many reasons such as historical, social and others. Therefore being fashionable costs a lot of money. But nowadays fashion is not such unavailable as it was a couple of centuries ago. We are lucky to have an opportunity to buy qualitative, fashionable and affordable clothes.";;;;juniors;http://192.168.9.14/theme_update/51683/old/img/c/33.jpg
34;1;Kids;2;"Fashion has always been so temporary and uncertain. You can not keep up with it.  This social phenomenon is very whimsical, thus we as the consumers always try to stay in touch with all the latest fashion tendencies. Obviously there is nothing wrong about it because fashion satisfies our willingness to be attractive. And also fashion is the detector of prosperity and social rank. So, our natural desire to wear fashionable clothes has many reasons such as historical, social and others. Therefore being fashionable costs a lot of money. But nowadays fashion is not such unavailable as it was a couple of centuries ago. We are lucky to have an opportunity to buy qualitative, fashionable and affordable clothes.";;;;kids;http://192.168.9.14/theme_update/51683/old/img/c/34.jpg
35;1;ACCESSORIES;2;"Fashion has always been so temporary and uncertain. You can not keep up with it.  This social phenomenon is very whimsical, thus we as the consumers always try to stay in touch with all the latest fashion tendencies. Obviously there is nothing wrong about it because fashion satisfies our willingness to be attractive. And also fashion is the detector of prosperity and social rank. So, our natural desire to wear fashionable clothes has many reasons such as historical, social and others. Therefore being fashionable costs a lot of money. But nowadays fashion is not such unavailable as it was a couple of centuries ago. We are lucky to have an opportunity to buy qualitative, fashionable and affordable clothes.";;;;accessories;http://192.168.9.14/theme_update/51683/old/img/c/35.jpg
4;1;Vestibulum;3;"Fashion has always been so temporary and uncertain. You can not keep up with it.  This social phenomenon is very whimsical, thus we as the consumers always try to stay in touch with all the latest fashion tendencies. Obviously there is nothing wrong about it because fashion satisfies our willingness to be attractive. And also fashion is the detector of prosperity and social rank. So, our natural desire to wear fashionable clothes has many reasons such as historical, social and others. Therefore being fashionable costs a lot of money. But nowadays fashion is not such unavailable as it was a couple of centuries ago. We are lucky to have an opportunity to buy qualitative, fashionable and affordable clothes.";;;;vestibulum;http://192.168.9.14/theme_update/51683/old/img/c/4.jpg
11;1;Phasellus;3;"Fashion has always been so temporary and uncertain. You can not keep up with it.  This social phenomenon is very whimsical, thus we as the consumers always try to stay in touch with all the latest fashion tendencies. Obviously there is nothing wrong about it because fashion satisfies our willingness to be attractive. And also fashion is the detector of prosperity and social rank. So, our natural desire to wear fashionable clothes has many reasons such as historical, social and others. Therefore being fashionable costs a lot of money. But nowadays fashion is not such unavailable as it was a couple of centuries ago. We are lucky to have an opportunity to buy qualitative, fashionable and affordable clothes.";;;;phasellus;http://192.168.9.14/theme_update/51683/old/img/c/11.jpg
18;1;Vestibulis;3;"Fashion has always been so temporary and uncertain. You can not keep up with it.  This social phenomenon is very whimsical, thus we as the consumers always try to stay in touch with all the latest fashion tendencies. Obviously there is nothing wrong about it because fashion satisfies our willingness to be attractive. And also fashion is the detector of prosperity and social rank. So, our natural desire to wear fashionable clothes has many reasons such as historical, social and others. Therefore being fashionable costs a lot of money. But nowadays fashion is not such unavailable as it was a couple of centuries ago. We are lucky to have an opportunity to buy qualitative, fashionable and affordable clothes.";;;;vestibulis;http://192.168.9.14/theme_update/51683/old/img/c/18.jpg
25;1;Suspendisse;3;"Fashion has always been so temporary and uncertain. You can not keep up with it.  This social phenomenon is very whimsical, thus we as the consumers always try to stay in touch with all the latest fashion tendencies. Obviously there is nothing wrong about it because fashion satisfies our willingness to be attractive. And also fashion is the detector of prosperity and social rank. So, our natural desire to wear fashionable clothes has many reasons such as historical, social and others. Therefore being fashionable costs a lot of money. But nowadays fashion is not such unavailable as it was a couple of centuries ago. We are lucky to have an opportunity to buy qualitative, fashionable and affordable clothes.";;;;suspendisse;http://192.168.9.14/theme_update/51683/old/img/c/25.jpg
5;1;"Lorem ipsum dolor";4;"Fashion has always been so temporary and uncertain. You can not keep up with it.  This social phenomenon is very whimsical, thus we as the consumers always try to stay in touch with all the latest fashion tendencies. Obviously there is nothing wrong about it because fashion satisfies our willingness to be attractive. And also fashion is the detector of prosperity and social rank. So, our natural desire to wear fashionable clothes has many reasons such as historical, social and others. Therefore being fashionable costs a lot of money. But nowadays fashion is not such unavailable as it was a couple of centuries ago. We are lucky to have an opportunity to buy qualitative, fashionable and affordable clothes.";;;;lorem-ipsum-dolor;http://192.168.9.14/theme_update/51683/old/img/c/5.jpg
6;1;"Sit amet conse";4;"Fashion has always been so temporary and uncertain. You can not keep up with it.  This social phenomenon is very whimsical, thus we as the consumers always try to stay in touch with all the latest fashion tendencies. Obviously there is nothing wrong about it because fashion satisfies our willingness to be attractive. And also fashion is the detector of prosperity and social rank. So, our natural desire to wear fashionable clothes has many reasons such as historical, social and others. Therefore being fashionable costs a lot of money. But nowadays fashion is not such unavailable as it was a couple of centuries ago. We are lucky to have an opportunity to buy qualitative, fashionable and affordable clothes.";;;;sit-amet-conse;http://192.168.9.14/theme_update/51683/old/img/c/6.jpg
7;1;"Ctetur adipisicing elit";4;"Fashion has always been so temporary and uncertain. You can not keep up with it.  This social phenomenon is very whimsical, thus we as the consumers always try to stay in touch with all the latest fashion tendencies. Obviously there is nothing wrong about it because fashion satisfies our willingness to be attractive. And also fashion is the detector of prosperity and social rank. So, our natural desire to wear fashionable clothes has many reasons such as historical, social and others. Therefore being fashionable costs a lot of money. But nowadays fashion is not such unavailable as it was a couple of centuries ago. We are lucky to have an opportunity to buy qualitative, fashionable and affordable clothes.";;;;ctetur-adipisicing-elit;http://192.168.9.14/theme_update/51683/old/img/c/7.jpg
8;1;"Sed do eiusmod";4;"Fashion has always been so temporary and uncertain. You can not keep up with it.  This social phenomenon is very whimsical, thus we as the consumers always try to stay in touch with all the latest fashion tendencies. Obviously there is nothing wrong about it because fashion satisfies our willingness to be attractive. And also fashion is the detector of prosperity and social rank. So, our natural desire to wear fashionable clothes has many reasons such as historical, social and others. Therefore being fashionable costs a lot of money. But nowadays fashion is not such unavailable as it was a couple of centuries ago. We are lucky to have an opportunity to buy qualitative, fashionable and affordable clothes.";;;;sed-do-eiusmod;http://192.168.9.14/theme_update/51683/old/img/c/8.jpg
9;1;"Tempor incididunt ut";4;"Fashion has always been so temporary and uncertain. You can not keep up with it.  This social phenomenon is very whimsical, thus we as the consumers always try to stay in touch with all the latest fashion tendencies. Obviously there is nothing wrong about it because fashion satisfies our willingness to be attractive. And also fashion is the detector of prosperity and social rank. So, our natural desire to wear fashionable clothes has many reasons such as historical, social and others. Therefore being fashionable costs a lot of money. But nowadays fashion is not such unavailable as it was a couple of centuries ago. We are lucky to have an opportunity to buy qualitative, fashionable and affordable clothes.";;;;tempor-incididunt-ut;http://192.168.9.14/theme_update/51683/old/img/c/9.jpg
10;1;"Labore et dolore";4;"Fashion has always been so temporary and uncertain. You can not keep up with it.  This social phenomenon is very whimsical, thus we as the consumers always try to stay in touch with all the latest fashion tendencies. Obviously there is nothing wrong about it because fashion satisfies our willingness to be attractive. And also fashion is the detector of prosperity and social rank. So, our natural desire to wear fashionable clothes has many reasons such as historical, social and others. Therefore being fashionable costs a lot of money. But nowadays fashion is not such unavailable as it was a couple of centuries ago. We are lucky to have an opportunity to buy qualitative, fashionable and affordable clothes.";;;;labore-et-dolore;http://192.168.9.14/theme_update/51683/old/img/c/10.jpg
12;1;"Lorem ipsum dolor";11;"Fashion has always been so temporary and uncertain. You can not keep up with it.  This social phenomenon is very whimsical, thus we as the consumers always try to stay in touch with all the latest fashion tendencies. Obviously there is nothing wrong about it because fashion satisfies our willingness to be attractive. And also fashion is the detector of prosperity and social rank. So, our natural desire to wear fashionable clothes has many reasons such as historical, social and others. Therefore being fashionable costs a lot of money. But nowadays fashion is not such unavailable as it was a couple of centuries ago. We are lucky to have an opportunity to buy qualitative, fashionable and affordable clothes.";;;;lorem-ipsum-dolor;http://192.168.9.14/theme_update/51683/old/img/c/12.jpg
13;1;"Sit amet conse";11;"Fashion has always been so temporary and uncertain. You can not keep up with it.  This social phenomenon is very whimsical, thus we as the consumers always try to stay in touch with all the latest fashion tendencies. Obviously there is nothing wrong about it because fashion satisfies our willingness to be attractive. And also fashion is the detector of prosperity and social rank. So, our natural desire to wear fashionable clothes has many reasons such as historical, social and others. Therefore being fashionable costs a lot of money. But nowadays fashion is not such unavailable as it was a couple of centuries ago. We are lucky to have an opportunity to buy qualitative, fashionable and affordable clothes.";;;;sit-amet-conse;http://192.168.9.14/theme_update/51683/old/img/c/13.jpg
14;1;"Ctetur adipisicing elit";11;"Fashion has always been so temporary and uncertain. You can not keep up with it.  This social phenomenon is very whimsical, thus we as the consumers always try to stay in touch with all the latest fashion tendencies. Obviously there is nothing wrong about it because fashion satisfies our willingness to be attractive. And also fashion is the detector of prosperity and social rank. So, our natural desire to wear fashionable clothes has many reasons such as historical, social and others. Therefore being fashionable costs a lot of money. But nowadays fashion is not such unavailable as it was a couple of centuries ago. We are lucky to have an opportunity to buy qualitative, fashionable and affordable clothes.";;;;ctetur-adipisicing-elit;http://192.168.9.14/theme_update/51683/old/img/c/14.jpg
15;1;"Sed do eiusmod";11;"Fashion has always been so temporary and uncertain. You can not keep up with it.  This social phenomenon is very whimsical, thus we as the consumers always try to stay in touch with all the latest fashion tendencies. Obviously there is nothing wrong about it because fashion satisfies our willingness to be attractive. And also fashion is the detector of prosperity and social rank. So, our natural desire to wear fashionable clothes has many reasons such as historical, social and others. Therefore being fashionable costs a lot of money. But nowadays fashion is not such unavailable as it was a couple of centuries ago. We are lucky to have an opportunity to buy qualitative, fashionable and affordable clothes.";;;;sed-do-eiusmod;http://192.168.9.14/theme_update/51683/old/img/c/15.jpg
16;1;"Tempor incididunt ut";11;"Fashion has always been so temporary and uncertain. You can not keep up with it.  This social phenomenon is very whimsical, thus we as the consumers always try to stay in touch with all the latest fashion tendencies. Obviously there is nothing wrong about it because fashion satisfies our willingness to be attractive. And also fashion is the detector of prosperity and social rank. So, our natural desire to wear fashionable clothes has many reasons such as historical, social and others. Therefore being fashionable costs a lot of money. But nowadays fashion is not such unavailable as it was a couple of centuries ago. We are lucky to have an opportunity to buy qualitative, fashionable and affordable clothes.";;;;tempor-incididunt-ut;http://192.168.9.14/theme_update/51683/old/img/c/16.jpg
17;1;"Labore et dolore";11;"Fashion has always been so temporary and uncertain. You can not keep up with it.  This social phenomenon is very whimsical, thus we as the consumers always try to stay in touch with all the latest fashion tendencies. Obviously there is nothing wrong about it because fashion satisfies our willingness to be attractive. And also fashion is the detector of prosperity and social rank. So, our natural desire to wear fashionable clothes has many reasons such as historical, social and others. Therefore being fashionable costs a lot of money. But nowadays fashion is not such unavailable as it was a couple of centuries ago. We are lucky to have an opportunity to buy qualitative, fashionable and affordable clothes.";;;;labore-et-dolore;http://192.168.9.14/theme_update/51683/old/img/c/17.jpg
19;1;"Lorem ipsum dolor";18;"Fashion has always been so temporary and uncertain. You can not keep up with it.  This social phenomenon is very whimsical, thus we as the consumers always try to stay in touch with all the latest fashion tendencies. Obviously there is nothing wrong about it because fashion satisfies our willingness to be attractive. And also fashion is the detector of prosperity and social rank. So, our natural desire to wear fashionable clothes has many reasons such as historical, social and others. Therefore being fashionable costs a lot of money. But nowadays fashion is not such unavailable as it was a couple of centuries ago. We are lucky to have an opportunity to buy qualitative, fashionable and affordable clothes.";;;;lorem-ipsum-dolor;http://192.168.9.14/theme_update/51683/old/img/c/19.jpg
20;1;"Sit amet conse";18;"Fashion has always been so temporary and uncertain. You can not keep up with it.  This social phenomenon is very whimsical, thus we as the consumers always try to stay in touch with all the latest fashion tendencies. Obviously there is nothing wrong about it because fashion satisfies our willingness to be attractive. And also fashion is the detector of prosperity and social rank. So, our natural desire to wear fashionable clothes has many reasons such as historical, social and others. Therefore being fashionable costs a lot of money. But nowadays fashion is not such unavailable as it was a couple of centuries ago. We are lucky to have an opportunity to buy qualitative, fashionable and affordable clothes.";;;;sit-amet-conse;http://192.168.9.14/theme_update/51683/old/img/c/20.jpg
21;1;"Ctetur adipisicing elit";18;"Fashion has always been so temporary and uncertain. You can not keep up with it.  This social phenomenon is very whimsical, thus we as the consumers always try to stay in touch with all the latest fashion tendencies. Obviously there is nothing wrong about it because fashion satisfies our willingness to be attractive. And also fashion is the detector of prosperity and social rank. So, our natural desire to wear fashionable clothes has many reasons such as historical, social and others. Therefore being fashionable costs a lot of money. But nowadays fashion is not such unavailable as it was a couple of centuries ago. We are lucky to have an opportunity to buy qualitative, fashionable and affordable clothes.";;;;ctetur-adipisicing-elit;http://192.168.9.14/theme_update/51683/old/img/c/21.jpg
22;1;"Sed do eiusmod";18;"Fashion has always been so temporary and uncertain. You can not keep up with it.  This social phenomenon is very whimsical, thus we as the consumers always try to stay in touch with all the latest fashion tendencies. Obviously there is nothing wrong about it because fashion satisfies our willingness to be attractive. And also fashion is the detector of prosperity and social rank. So, our natural desire to wear fashionable clothes has many reasons such as historical, social and others. Therefore being fashionable costs a lot of money. But nowadays fashion is not such unavailable as it was a couple of centuries ago. We are lucky to have an opportunity to buy qualitative, fashionable and affordable clothes.";;;;sed-do-eiusmod;http://192.168.9.14/theme_update/51683/old/img/c/22.jpg
23;1;"Tempor incididunt ut";18;"Fashion has always been so temporary and uncertain. You can not keep up with it.  This social phenomenon is very whimsical, thus we as the consumers always try to stay in touch with all the latest fashion tendencies. Obviously there is nothing wrong about it because fashion satisfies our willingness to be attractive. And also fashion is the detector of prosperity and social rank. So, our natural desire to wear fashionable clothes has many reasons such as historical, social and others. Therefore being fashionable costs a lot of money. But nowadays fashion is not such unavailable as it was a couple of centuries ago. We are lucky to have an opportunity to buy qualitative, fashionable and affordable clothes.";;;;tempor-incididunt-ut;http://192.168.9.14/theme_update/51683/old/img/c/23.jpg
24;1;"Labore et dolore";18;"Fashion has always been so temporary and uncertain. You can not keep up with it.  This social phenomenon is very whimsical, thus we as the consumers always try to stay in touch with all the latest fashion tendencies. Obviously there is nothing wrong about it because fashion satisfies our willingness to be attractive. And also fashion is the detector of prosperity and social rank. So, our natural desire to wear fashionable clothes has many reasons such as historical, social and others. Therefore being fashionable costs a lot of money. But nowadays fashion is not such unavailable as it was a couple of centuries ago. We are lucky to have an opportunity to buy qualitative, fashionable and affordable clothes.";;;;labore-et-dolore;http://192.168.9.14/theme_update/51683/old/img/c/24.jpg
26;1;"Lorem ipsum dolor";25;"Fashion has always been so temporary and uncertain. You can not keep up with it.  This social phenomenon is very whimsical, thus we as the consumers always try to stay in touch with all the latest fashion tendencies. Obviously there is nothing wrong about it because fashion satisfies our willingness to be attractive. And also fashion is the detector of prosperity and social rank. So, our natural desire to wear fashionable clothes has many reasons such as historical, social and others. Therefore being fashionable costs a lot of money. But nowadays fashion is not such unavailable as it was a couple of centuries ago. We are lucky to have an opportunity to buy qualitative, fashionable and affordable clothes.";;;;lorem-ipsum-dolor;http://192.168.9.14/theme_update/51683/old/img/c/26.jpg
27;1;"Sit amet conse";25;"Fashion has always been so temporary and uncertain. You can not keep up with it.  This social phenomenon is very whimsical, thus we as the consumers always try to stay in touch with all the latest fashion tendencies. Obviously there is nothing wrong about it because fashion satisfies our willingness to be attractive. And also fashion is the detector of prosperity and social rank. So, our natural desire to wear fashionable clothes has many reasons such as historical, social and others. Therefore being fashionable costs a lot of money. But nowadays fashion is not such unavailable as it was a couple of centuries ago. We are lucky to have an opportunity to buy qualitative, fashionable and affordable clothes.";;;;sit-amet-conse;http://192.168.9.14/theme_update/51683/old/img/c/27.jpg
28;1;"Ctetur adipisicing elit";25;"Fashion has always been so temporary and uncertain. You can not keep up with it.  This social phenomenon is very whimsical, thus we as the consumers always try to stay in touch with all the latest fashion tendencies. Obviously there is nothing wrong about it because fashion satisfies our willingness to be attractive. And also fashion is the detector of prosperity and social rank. So, our natural desire to wear fashionable clothes has many reasons such as historical, social and others. Therefore being fashionable costs a lot of money. But nowadays fashion is not such unavailable as it was a couple of centuries ago. We are lucky to have an opportunity to buy qualitative, fashionable and affordable clothes.";;;;ctetur-adipisicing-elit;http://192.168.9.14/theme_update/51683/old/img/c/28.jpg
29;1;"Sed do eiusmod";25;"Fashion has always been so temporary and uncertain. You can not keep up with it.  This social phenomenon is very whimsical, thus we as the consumers always try to stay in touch with all the latest fashion tendencies. Obviously there is nothing wrong about it because fashion satisfies our willingness to be attractive. And also fashion is the detector of prosperity and social rank. So, our natural desire to wear fashionable clothes has many reasons such as historical, social and others. Therefore being fashionable costs a lot of money. But nowadays fashion is not such unavailable as it was a couple of centuries ago. We are lucky to have an opportunity to buy qualitative, fashionable and affordable clothes.";;;;sed-do-eiusmod;http://192.168.9.14/theme_update/51683/old/img/c/29.jpg
30;1;"Tempor incididunt ut";25;"Fashion has always been so temporary and uncertain. You can not keep up with it.  This social phenomenon is very whimsical, thus we as the consumers always try to stay in touch with all the latest fashion tendencies. Obviously there is nothing wrong about it because fashion satisfies our willingness to be attractive. And also fashion is the detector of prosperity and social rank. So, our natural desire to wear fashionable clothes has many reasons such as historical, social and others. Therefore being fashionable costs a lot of money. But nowadays fashion is not such unavailable as it was a couple of centuries ago. We are lucky to have an opportunity to buy qualitative, fashionable and affordable clothes.";;;;tempor-incididunt-ut;http://192.168.9.14/theme_update/51683/old/img/c/30.jpg
31;1;"Labore et dolore";25;"Fashion has always been so temporary and uncertain. You can not keep up with it.  This social phenomenon is very whimsical, thus we as the consumers always try to stay in touch with all the latest fashion tendencies. Obviously there is nothing wrong about it because fashion satisfies our willingness to be attractive. And also fashion is the detector of prosperity and social rank. So, our natural desire to wear fashionable clothes has many reasons such as historical, social and others. Therefore being fashionable costs a lot of money. But nowadays fashion is not such unavailable as it was a couple of centuries ago. We are lucky to have an opportunity to buy qualitative, fashionable and affordable clothes.";;;;labore-et-dolore;http://192.168.9.14/theme_update/51683/old/img/c/31.jpg
